,Adjusted Postcode,Unnamed: 0,Total 2016,Total 2021,Total 2026,Total 2031,Total 2036,Total Growth,Total Growth %,number of trips,number of stops,trips per stop,suburb
29,3052,123,7898.0,9020.0,9640.0,10615.0,11559.0,3661.0,28.148558758314856,5266,51,103.25490196078431,Parkville
30,3054,139,9058.0,9209.0,9337.0,9471.0,9718.0,660.0,5.527201650559236,4365,32,136.40625,Carlton North
33,3057,105,11716.0,14933.0,16282.0,17791.0,19327.0,7611.0,29.424763945623788,6385,54,118.24074074074075,Brunswick East
39,3065,141,11259.0,12107.0,13059.0,13980.0,14970.0,3711.0,23.64747666639134,6619,44,150.4318181818182,Fitzroy
40,3068,142,13129.0,14019.0,14865.0,15733.0,16675.0,3546.0,18.94571652756973,9280,89,104.26966292134831,Clifton Hill
56,"3090, 3091",215,9794.0,10051.0,10290.0,10620.0,11016.0,1222.0,9.601034722913143,3491,32,109.09375,Plenty
101,3151,166,10772.0,11722.0,13468.0,15131.0,16715.0,5943.0,42.5951202866405,6328,60,105.46666666666667,Burwood East
